14b228c0-72c5-4c25-aaa5-da8e5b13eef7	error:splitting
2421a1d5-2c10-4abd-9911-f42a680d8100	todownload
b52d188c-bf18-4029-9050-cbf8d9f99ee3	error:splitting
5bc4b7ec-f632-422b-ba14-6a1aaa9cf929	todownload
6b57df66-ed67-4056-9c9b-11e32ef0622e	error:splitting
2d002a1f-6188-445b-a9ea-f49e5aba1018	split
fb0079ec-f1c7-4715-b97c-55d826559aa3	todownload
be304f64-d01b-4a09-8f10-4d44aa3f3266	splitting
de566fde-6bb8-4c58-8d26-4873267a9e7a	error:splitting
761b7816-f95a-4734-a1de-964efa1d39ef	split
ac04b485-d4db-4eb8-8b01-3a02037f59e9	error:splitting
d8ec4d2a-d78b-4710-9112-ffced6d4f3e9	splitting
a90d8746-02a8-4ef5-9eb0-8c6334fef070	error:splitting
9c2006cb-79e6-49c1-993d-dad0ee88edf9	error:splitting
bb5987f3-b5db-4b4f-ad33-fc64a79beaa0	error:splitting
89addeb5-53d6-4055-aee5-7918dd5cd90f	todownload
9da01648-1c38-4f3c-84a7-7b8166390e22	splitting
c38bc603-2f38-4c94-b0af-b7ee1df6972b	split
4f9501ea-e4af-4802-8b87-46339bb471d6	split
3f072b21-376f-4f58-b782-e3c8f0d6be13	todownload
b6086f31-c71b-4c17-ab6c-157357cb92d5	error:splitting
13efafee-7cff-40a6-bd87-b8d24c5e0c24	splitting
5b2310fd-8abc-4221-9851-74618315d3e0	todownload
5e8cd173-e3a0-46cc-ae99-cfd2feeefddc	todownload
1c98d8d4-b35e-4503-a821-cbb788561cc7	todownload
963004f2-6200-4d73-8b08-dec4720219f4	splitting
fb993aca-bded-4304-a0f4-f38fa427cc7f	error:splitting
78ac6448-0217-4b73-9607-23b7de84b8f1	error:splitting
376a4b9b-94b9-4fd7-b3f0-96712f54428a	todownload
43ceaba1-275e-4b98-8343-baaed0d66a54	aligning
2745ee7f-a8bc-454b-9763-321adf76cc09	splitting
02d82c52-9812-484a-83b3-6d359996bc51	todownload
b2401fd9-439a-415a-a6a9-7210940641de	error:splitting
b84b3813-ef9b-40ad-95d4-540a952b9acc	error:splitting
e4e4175b-f96c-47b6-a494-c087b3432e0c	splitting
d517f740-8aed-49ce-b6b5-bf46e7ab76ae	error:splitting
63aa58db-4245-4196-be6e-1bfa1382acec	split
7a59f1c7-3ec3-4ed9-8a8e-1b9300fc937a	todownload
a2cb782e-afcc-426e-8827-f677a4cbd243	splitting
85072536-71c2-476a-a0bb-3152d10f8959	split
5193df14-1091-4948-985c-3fd8f5032c12	todownload
b9a2d1dd-1241-4a4e-b692-8b20d1a1e29c	todownload
10e88fc1-ad11-4612-a050-3ea1f12f5f74	todownload
fcbb51f3-02bb-477e-b7c4-38730f708ae3	todownload
90697135-943c-4533-a1a9-48b1ff25601b	todownload
b12f60fc-240c-4a3e-ba20-18edebf03fab	todownload
9e028a0d-bfbc-4f09-b6e8-2fedb50e9747	split
8cf3e556-4057-40c8-a468-133986522ed7	todownload
df00dad3-d280-4a8d-abe6-4a2b62edbb50	todownload
67f559a3-0c79-4be1-b177-d868acb69df2	splitting
06075f42-8b30-47ad-bdf8-44eaaf93353a	error:splitting
86e49eb0-7fe4-4d24-81bb-e04251ccc7ab	todownload
12fdfa30-3b70-4b2d-b507-d2e130a5e6ab	todownload
667c27e3-f105-4ab6-945b-43840173044d	todownload
f2bb45f4-fae4-468c-8675-a9c2a40feb66	todownload
3c15988d-63aa-4c02-9888-d64200e8e233	error:splitting
d3fd464a-f0b1-41af-88f2-27f5d7417a0b	error:splitting
eba7900a-2e1d-4a55-a3ba-e900be55642e	todownload
bdd67234-0b9f-4257-930f-0402db38eb97	split
3a2f274b-9594-4290-849e-2021741648fe	todownload
9b1e7070-cc34-4b63-9ea5-e5f812a4e8dc	error:splitting
b8d16018-7fd2-4d8a-af89-fc88cfe3d597	error:splitting
b13de1b0-deff-445f-9f20-e068d51607d7	splitting
1989963d-b3ab-4e2f-aa3f-5a419769ca59	todownload
5623ebea-0556-465b-bcc0-70978eba10b3	todownload
30ec872d-a8ca-4e9b-816b-d7b4f6e55e67	todownload
c67b59a1-53df-4e40-906c-c8c601536b20	todownload
df4683af-8b1d-4e0a-a8e7-5189c32bffea	split
5bd480d4-153a-4e6e-820a-548dfa963af4	error:splitting
7deb6875-292d-4cba-85cc-1f93de939987	todownload
4fc25bde-394a-4e35-9e2d-1a5c77ba7a7b	todownload
e4c57024-7622-4621-8bc1-26a1fc9c8ed6	split
6d8d0c6d-1458-427e-bbed-cd7b9b28c610	split
ba1d09ad-c4af-44e5-b635-86a63641dd42	todownload
a84aa2a6-bb88-458f-80ec-abd0de9c7c48	error:splitting
264d7a6d-a5a6-4aaf-9702-ecc6f594b409	error:splitting
6fd2588d-40a0-47ca-a9fe-8ee5dab84371	todownload
2cc6ce6e-9a03-4220-8246-0eff162361f6	split
603e60c3-f4f6-4043-b75b-f663759a962b	error:splitting
4ee0fc53-8037-4579-9162-569235973a70	todownload
906d13d0-f87a-4888-82ec-f272fa9a367c	todownload
6c2d192a-74a2-4f96-bfbc-ac65ff729bcf	error:splitting
cf070965-d3e5-4d24-9b87-d0d17825ac81	splitting
1ced6738-aeeb-49e9-885c-c4eec0dad990	splitting
f873ac33-9056-4efe-8205-847217a3ec91	error:splitting
17cf4b89-6cab-4bf0-af54-052c146fa448	splitting
e2818ea8-09d6-4f7f-817a-3399e1da8f8c	error:splitting
204c1a45-2254-4b5a-ba94-eeb8f868d275	todownload
49a98d1d-af37-468f-a405-ef823d241b97	error:splitting
f7603c86-d882-4e46-bdbc-6322acef20e6	splitting
8d0cf601-a0b2-4c43-9525-1f3c1811c248	todownload
66b44383-6d59-4b0e-818d-d20080aaa44b	todownload
9ff27e1a-5657-4e8b-8b0b-920c146932af	error:splitting
73c81eb4-9cd4-4d4c-9109-1cbfeb41c73c	error:splitting
9c53c1a9-33ff-41c5-93b6-c650f15b8db7	todownload
c425d7c7-e5e1-4297-9916-5c986784e17d	todownload
a440c791-09a0-4ece-a66f-68ffe3f46ed3	todownload
c755f36f-593a-4beb-8ac4-bd1861135a48	error:splitting
9d9376ca-38b7-4d83-82b3-338d2c803db4	splitting
19d5d095-c5e2-40bf-8273-2a49532104ff	todownload
7c05e2a7-605f-40d4-a54c-c62c8f7d70da	todownload
f0366c74-63fc-4569-a191-0a06af88875b	todownload
c5ae6e34-7ea0-4279-a9c1-8aeaf19ba769	todownload
06f297f6-830b-4a56-a9e0-57d9ced0242d	todownload
03085a73-2fd8-4896-b4ec-885f250024d4	todownload
4df34d54-6036-45a8-96b6-fc5e53f0cb97	todownload
13e1ffcf-3f08-4378-bcf7-544a8a9a9462	split
85a52795-2116-4a71-bae1-dc4018e93551	splitting
3493c5f5-f22e-4999-bed7-718ce2d74c4b	todownload
40526b6a-a013-442c-af36-db3bd509a520	todownload
445a5a50-3053-4826-8f39-78b974c6a4e5	todownload
60a4935d-f899-4be2-aa93-61c9a64f7758	error:splitting
c865bc20-46ac-47bc-a346-d5d12dc3e866	todownload
caf4a902-c496-4d00-aa41-a2ff1bd252ab	error:splitting
0b5957ff-db66-4b8e-8863-3d6413244397	todownload
959280eb-f0df-48d2-b93a-2ad7319d69d0	todownload
3d319304-778c-4d0f-8b9c-2d0ee532d1ba	todownload
9699fc0b-9873-43ae-9bc0-516c7b04e85d	todownload
11979506-1dd8-4e89-9037-4baf71857a16	error:splitting
1feb9cd2-988c-4747-9964-59164946f9dd	split
55055d5b-eaba-47a6-8f6f-89141855ae76	todownload
9af76d5a-a297-4387-a238-6885372cdb13	todownload
5403e92f-caf8-43d4-b22a-3850e8f16847	todownload
6c8bc4a0-5aee-4cfd-96b6-3529ecd41a45	todownload
a182d00d-bb33-489a-b4f6-050b0a81ecb7	todownload
6cb41cca-4c1f-46a9-9dfa-619120d4c9f5	error:splitting
665f46f9-69e6-4d73-bc4c-211de88d18be	error:splitting
a0de428a-f493-4ee5-bc62-d6df3b807970	todownload
fd45a5ea-32b6-4f46-bd6b-4d2d831a0b63	todownload
0df001ee-102e-46e6-9dad-9eb56ab5efd0	todownload
1140c365-43fb-4285-9543-37aa5220c971	splitting
1989cb4e-a8ef-4124-878c-702efce4623d	todownload
5f65df7b-5031-40c5-9478-8d2d8dba540a	splitting
1ead95b1-f1be-444f-9d28-3461d8bc643a	todownload
4b5eb5f4-5eb5-4f3c-bec4-e934d9069d6a	splitting
28910fb1-918f-4ca5-b9d2-1da4bf2f23e9	todownload
6f837360-76bf-4055-940b-5c435bfbf8aa	todownload
beb263a8-a482-4c03-b7db-33f55dcbfd63	todownload
db11dd2d-ebe8-45fc-ab16-78608ad4ee92	error:splitting
09343c19-954d-4bd7-9612-0538bce7de93	todownload
6ebad441-fff3-4e7b-b2c8-3c51c06906e9	error:splitting
1712010d-3b10-49d0-afb8-91629f01894c	error:splitting
7461abae-0a22-4a0d-9d08-7ad95e0a04e7	todownload
f0fcaa4d-1ad3-4077-acc6-d2959ac735fd	error:splitting
d1d777d0-49ca-4ee8-bbb4-8b575a0e032d	todownload
f663ab4e-1b23-4502-83e1-0b8d039e8fdb	split
5f531366-d06f-43bb-9211-ea9b1470ee5b	todownload
251466ea-c72f-4004-900f-e6b2d667f7ea	todownload
a559a3c7-c87d-4f7b-a285-694c681f18ba	splitting
f55f7d2f-444e-4347-9fb9-6f204955d527	todownload
37f10089-d391-4788-bdb0-db8097858ace	error:splitting
2edb680a-43a2-4431-8792-0d54457a32b6	todownload
70eb42fb-0c56-47d7-942a-8d949fadbd56	todownload
1978ee44-b401-42c7-b26b-e8e0fe005d8b	error:splitting
0047e318-3928-4274-8faf-77b420044506	todownload
c0206c44-4560-4fc6-bda0-058bfc63a115	error:splitting
cb827298-7792-4388-826d-c9e7b3fc5589	todownload
60db1294-b88c-45cd-a86c-0db70aca266a	todownload
743eaa2e-db6c-4f18-9287-1bece41ca678	todownload
d5979bdc-8a8a-48a5-8dc7-72d93b71c4ad	splitting
b6639e54-0943-446c-9cf2-a501ea704f04	todownload
495d4277-309e-4c56-89cc-d90b96ff13c8	todownload
aba5d6d8-eb04-451e-9dd9-782f52f1c317	todownload
7db7c976-5424-4eb0-9c53-92206aaefb5d	todownload
797a3619-8d58-4fe5-96e6-306842901c70	todownload
97e73968-6476-4f55-b803-bc7735194b22	split
dba9bc3f-3920-4fde-877e-700f237ce799	todownload
bd122b67-1578-4f53-8bfa-3293b4fb4517	error:splitting
37a74c04-fdc4-4a7f-a50d-02402b0ea27d	todownload
4a59f065-1027-477a-8d8a-90fd38318be6	split
2289ad10-46bb-49ba-9fe8-9c39a9ae85c8	error:splitting
d5f70017-97ce-4fa2-83f8-5eb3a749556f	splitting
dc9dccc2-3327-4b2c-9f18-99e468bc196a	split
27f8d693-70d1-4c0a-8551-6271ac6acbdf	todownload
c695cbf5-a62e-4e93-8189-28a6394bd3de	error:splitting
a15d8c84-6a92-4133-9e01-09f7ef8c7e3a	todownload
6f4718fa-0ad2-4373-8aac-ae12adf9c96f	split
9bd76106-b42f-42f9-987f-418b1d0a5f21	split
c507e583-6da1-459c-82ee-e524a43cff34	todownload
1b3d2513-b7c8-49bd-85a2-401d039bcc78	error:splitting
b493fc4d-7bf2-4952-b15f-72678f2142db	todownload
b9c4d801-a2f8-4ea8-9867-5270402b773e	split
a9149509-bd61-445d-96d2-cb5a5a59ea20	todownload
b8522c88-6735-404d-b0f8-40f3c8d3c7fe	todownload
d6123885-e61d-4bd2-8aad-a9228431c571	error:splitting
34f3ebc8-dc52-4718-b78c-563217ea22be	error:splitting
944d3325-ddbe-45c0-b70d-625bbeb1a794	error:splitting
c6b26d8c-2615-499e-ac08-dde01c13161a	todownload
1a62410d-385d-4407-98cf-052ed03fb880	todownload
eea3a2b6-f62f-4dd1-aec3-64c7eb84bbc0	todownload
70fd94f3-f63a-4372-811a-e7182f40c015	todownload
9b887028-3f7a-458d-b13d-7ee334110adc	error:splitting
fa09500b-7ed3-4422-993f-613c147dc3f0	todownload
efbc5f42-2ef7-40fb-826b-8b2dfeb0f3d5	todownload
bfb1f8cc-39fa-49c5-a71f-323ac3a2a00e	todownload
87c7f3ee-6c00-41b7-a2f0-91d97364405d	error:splitting
36f5723d-e91d-4a0a-a194-71c45cf31b19	todownload
cfcf1320-5fb0-4c58-8852-f70c763a630c	todownload
b6e478c5-4b53-465f-96e3-cf518d5b6385	todownload
89d56f3d-30b1-40de-a789-33c92a8bfc16	todownload
4ec70d83-1170-4be6-a441-137fcff62e14	splitting
64c0bad3-e4be-432a-934a-148ee5f293bb	split
b5bf0921-7fc5-4139-aace-7b653b4dddf6	todownload
5e438c69-00e0-4d09-bee1-1752be2231ae	todownload
f68ceda0-e068-46b3-a07b-2fa064a9709d	splitting
baf57d47-3f1c-4600-a785-6d958e60766a	todownload
79d878cc-29f5-463a-935f-131a4ed4f766	todownload
87d1f78c-1242-4e79-9073-f89eef3eb6c5	todownload
c4e5003b-069b-4f19-afa7-1d9161c2564a	todownload
8283c5e9-1aa1-463d-9e57-d50fde0dea81	todownload
113e3b01-b8d5-4255-bdfa-3bc40f6fc6f1	todownload
0b2c96c3-aa31-43b9-831c-0220ccbb2332	todownload
f85c89dd-fb71-42cb-8512-283c22f7fdd3	todownload
45834f43-f8da-4289-ac3a-08ff808144b4	todownload
3b988ee7-3d31-4580-9f74-db43187d43b6	todownload
bd5f029c-4e08-4c03-b082-5caaa7d1b664	error:splitting
dd2b7c9a-409c-45b5-8cb0-0327c5dcafdb	todownload
1b935ef4-5c36-45c6-a64e-6fbe5e9141b5	todownload
f462e9f9-8026-4300-b337-4fa61b6aef28	split
4f6f5ddc-2a7d-4450-9f27-92e408183671	splitting
4f2e557d-91ed-49ca-9dde-f7fa7f2e5fe0	error:splitting
baa5457a-3c81-4a05-895b-2daa80da053d	todownload
e90face2-45a7-4489-9669-2f679a4654c2	todownload
9d74037c-99c0-45ac-a234-b770af4e15e4	todownload
91d37396-75fe-4533-af84-ba3ef47b7183	todownload
796dceb2-369e-4cb1-a53c-75f53c904ece	todownload
99a3eef8-7d74-4a01-a0ef-c3a4919cece6	todownload
03b78b3d-3921-4a70-ab82-2bd797a2491c	todownload
5a038122-9b9b-4acb-98fc-920973813fb1	todownload
871a5eda-14c1-4892-9e1f-cf087d454c30	error:splitting
2822d1ec-93ee-48b2-b1d6-d66fd3cc9f49	todownload
6a9a2b79-2687-40bf-bc6d-9da364f8dd2c	todownload
6dff929b-cb54-46c8-8bff-cc173c9883b2	todownload
17441329-0f3e-40a4-a041-c6262fb3678a	splitting
7173d8ec-3f8a-4280-8f70-ceb50bcfa798	todownload
fd41c4bb-1309-4edc-9e75-fd30cdee6f00	todownload
d2cc26b2-996a-4311-8dc4-129c08dbb22b	error:splitting
656245ea-58d6-4f10-871a-e23cb03845fe	error:splitting
6ce54f18-fe47-44f1-a183-5adaeb967db8	split
b125aa08-5be2-485c-9d13-26d0d84ac750	todownload
fbe95c81-af7f-40fc-a999-70ec2736d301	todownload
40d651d9-db31-48b8-b158-995d45e74dd0	splitting
cace742e-5c92-44ad-b9e6-7c1153ca6f05	todownload
eb3dd9f7-7d02-472d-ab5f-61e86f5b1f0a	split
a3173d77-4d11-447a-b952-56b474b2582a	todownload
f63a6acd-37c1-4a5d-acd7-f2d6c23e53a2	error:splitting
ad74aa4d-61b1-4063-86bc-ca34234af9fa	todownload
7fad0c37-d9b0-4f02-9f45-78c66a77e6b5	todownload
b31e8738-f9df-4825-a5e3-9e216f6ad920	splitting
7ca34534-e8ae-4ae1-b20b-80aab7003027	todownload
26ffe1b3-f660-445b-a45f-86ff80d3be81	error:splitting
6f58eb6b-9f49-41ad-ab11-0eda3b4100ba	todownload
3e9fe7eb-69ad-465e-8f91-282642b672d4	error:splitting
d18a2764-f092-42f6-9e55-dc1d93545440	error:splitting
f96d6fa7-ea5b-45e6-9bf0-ecdd91761494	todownload
6d13554e-30ea-4bef-95bf-236ffe6a3c3b	error:splitting
a46cafee-ec45-4109-bc31-b9b98fcbff28	splitting
211a5de5-ce10-43ae-86b8-3ed5066999bf	todownload
c04b93cf-17b9-464b-840d-9d98c7f4d9cd	todownload
aff62adc-6fae-4be9-b953-b23038182862	error:splitting
d174441c-6712-4609-9c31-d27d6a5f66e1	todownload
43e44e9e-fc3e-479c-ac35-e3c82b77ffd2	todownload
cbc2795a-5683-4116-a15a-4e032bc8a587	split
67c4645d-cef3-4ac4-97d3-82caf616cdaa	todownload
48adf55e-2ece-4238-9f55-cb43eab0f4e9	todownload
4e6493cb-919e-4406-a6aa-b71b0bda9f88	todownload
56ffda33-ec05-4f98-9179-1f1ed6fd9f0e	todownload
4febf556-e763-423b-9ac0-5aed4dc862d7	todownload
e0bee95d-3db2-4c44-9604-6526f755e889	error:splitting
690738c1-c888-4c61-9333-ef6bb02a7bb8	todownload
02de548c-fe3e-4932-8166-0536904f3e74	todownload
8865cec5-ae2e-495f-af40-bec60d0a0d83	error:splitting
f3dd5d7c-9093-408f-9ff4-5ed8e35438cc	todownload
f180974e-bb9d-4f8d-845a-517aed82e611	todownload
f98211ee-b704-4202-9c42-26e171022cd0	todownload
68a6d3a9-da03-4f1b-8234-e573c9946e34	splitting
dd0cd71d-72dd-4b1c-a723-841cc97592db	todownload
ba930999-fdd9-4d6f-a89e-ad76ee93be77	todownload
05bf24e6-0bca-41b2-8945-6bee5d6764b4	todownload
7884d6fc-8f67-4f87-a796-564d727331b9	split
77d95ff9-4f58-4820-9de5-ed6a8d3e7263	todownload
43715dc6-f216-4cbc-bb2c-44eb03252489	todownload
113b2808-cffa-4253-bd8d-1c3287e16c9e	todownload
4da66b24-edc0-4b89-973a-df93e255cdfb	split
3549d107-3707-4bda-9e2d-7968b6016e44	todownload
4f0df483-8f5f-4f99-af45-83a1b1e7ba4d	error:splitting
37865a58-d7d6-470f-badd-9218ac3aa053	todownload
4388027d-8766-466a-b3a3-d22cde9a0796	todownload
f79e13f5-c011-47b0-b252-018133b8400f	splitting
a9f66b25-0f29-4f7d-8e98-fb00d3e7db70	todownload
849069bd-4533-468d-8bd6-e97598b93a12	todownload
faf3d7eb-1b88-4640-888e-a2c8caa0d402	splitting
8f6508df-e004-4d63-a68e-26c83f506920	todownload
c87aa49d-34a4-4021-bd1d-0187a8e7756c	error:splitting
dfa63f7d-b956-4dff-8978-b3fa6aa27646	splitting
2f500a2b-aad6-40d1-8827-ba4d8d1454e4	error:splitting
80f0a03e-dfea-4450-a3d9-630cc17ca8d4	error:splitting
163b5787-4a8e-4d25-a785-71f4eaf0c342	todownload
981f6ae8-386a-40f9-bbb5-dabfaff13013	splitting
5325202a-2404-4817-8ed9-87949826be7e	todownload
a0c324a8-d1e5-4e6f-991a-78bb9dbca668	todownload
bab3d6d0-e5fb-4fb2-beb7-14f10ad52060	todownload
0c9e10aa-066a-4e2f-95a4-44a4305aca01	todownload
29034096-d0af-4a86-b348-1c918253a9ef	todownload
70ddc5d6-43d5-43e3-bbd4-33c905d7d5d8	error:splitting
8d7c4658-d855-422d-8e1d-495215d4ecf1	splitting
c7644a1d-3520-4b91-b2c1-f36ecfbcdd35	split
edc29b57-9243-40e4-a9df-8d69fd1c3774	todownload
e96e162e-067b-4b4a-9b1d-8627dcffada7	error:splitting
34e201c1-0226-4d63-a68c-96c885d22ad8	todownload
b7fcfb70-5390-4b50-b5cb-3308fb098226	todownload
368769aa-f94f-4b1a-a910-f054006dc651	error:splitting
4c8b8e4b-6687-4577-9c3b-d18aa21103c9	splitting
a129f834-74c7-4faf-b81e-b3fe00433851	splitting
b75e14f5-11dd-4a0c-a072-304f9ea40885	error:splitting
89b9fc71-bc34-4a55-8a2b-23ab3c6d690d	error:splitting
b445f98f-05d4-458b-9141-4dee44774660	splitting
2c762701-c48b-466a-85f2-9bf4c4ea4dca	error:splitting
87b8e5c8-5d20-4e54-a6c6-e466973c2e5d	split
af9e5e0d-db6b-4dee-84a6-c99462e9f71e	split
33636177-6ff6-4aec-bb5b-d4ff2f5d75d3	error:splitting
9655e82b-a364-45d2-b2b4-0672714989d3	splitting
5ad77998-53d6-482b-91e3-a6c78a0ad8e9	todownload
088ee7cc-a012-4af8-bc93-9a4032f152ee	todownload
7a2be6a3-f336-43c3-9199-6cf31bd12c78	todownload
34b7a166-dc41-494c-b1d0-a911d80b1367	todownload
5d08b82d-e5fb-42f4-be3d-09b9600c9b5e	todownload
1e55204b-2f2b-4902-aae6-9ee4cf3475be	error:splitting
c152ad42-cf73-4fbd-a06c-b8b8a2f386ed	todownload
507512b3-1e52-40fa-92c4-27738228367d	todownload
86efd86e-473d-426b-8c00-9ea98427cd64	splitting
210661d3-a12d-45f4-9fea-a61833fcf3e0	todownload
30708eaf-d667-4891-b3f3-74f821848820	error:splitting
182ce259-7c54-4266-add5-89d9c463f407	todownload
298f4aa1-0e06-401b-bcb9-f7ecf4ab3374	split
83ad5d8f-ae89-4046-ba54-1e9b39a271c6	splitting
4566ae9e-28f3-41f3-9a9a-4e02989b3631	todownload
aa5548d9-386a-4d6b-898b-69b95f43799c	error:splitting
97115519-0dae-4a83-a53f-d69850362ff5	split
ee2bbd42-af7e-4051-9ee5-ac1276d5ea8a	error:splitting
40d87215-c864-49b3-8148-d5304a1a7f89	splitting
06cfbe02-7034-4aa7-bdb1-1b6abe66c510	split
35f718dc-e082-4ebd-8981-fb3cc14a0122	split
18699922-070a-4f7a-b170-6fa000c2efba	error:splitting
0a07e8cd-3c52-44f1-8593-5bd9b04c741e	error:splitting
6fff4826-4cb0-4dad-8eed-0132c6f7fe03	todownload
5086ccd7-d8f9-4a60-8c47-38c5c3ba1621	split
f603ffc4-a161-4c30-b447-fdc12ee02481	error:splitting
e5cf37d0-360f-42f8-993c-1d0f7597552c	splitting
b18c1d22-7a87-4602-badf-afade430b3ed	splitting
5884ec32-c289-4a5f-9ce0-b0bb21f6934d	error:splitting

